date,index_level,divisor,notes
2023-09-15,1000.0,26.61,daily close; provider=coingecko/yahoo/ccxt; base normalized
2023-09-16,998.4404359263434,26.61,daily close; provider=coingecko/yahoo/ccxt; base normalized
2023-09-17,997.3618940248027,26.61,daily close; provider=coingecko/yahoo/ccxt; base normalized
2023-09-18,1005.5730928222473,26.61,daily close; provider=coingecko/yahoo/ccxt; base normalized
2023-09-19,1023.2468996617812,26.61,daily close; provider=coingecko/yahoo/ccxt; base normalized
2023-09-20,1019.7331830139045,26.61,daily close; provider=coingecko/yahoo/ccxt; base normalized
2023-09-21,998.4066140548665,26.61,daily close; provider=coingecko/yahoo/ccxt; base normalized
2023-09-22,999.0154077414506,26.61,daily close; provider=coingecko/yahoo/ccxt; base normalized
2023-09-23,998.9026681698609,26.61,daily close; provider=coingecko/yahoo/ccxt; base normalized
2023-09-24,986.5576850807967,26.61,daily close; provider=coingecko/yahoo/ccxt; base normalized
2023-09-25,987.966929725667,26.61,daily close; provider=coingecko/yahoo/ccxt; base normalized
2023-09-26,985.1521984216461,26.61,daily close; provider=coingecko/yahoo/ccxt; base normalized
2023-09-27,990.6012777151448,26.61,daily close; provider=coingecko/yahoo/ccxt; base normalized
2023-09-28,1015.663284479519,26.61,daily close; provider=coingecko/yahoo/ccxt; base normalized
2023-09-29,1011.6535137166478,26.61,daily close; provider=coingecko/yahoo/ccxt; base normalized
2023-09-30,1013.6377301766253,26.61,daily close; provider=coingecko/yahoo/ccxt; base normalized
2023-10-01,1051.5257422021796,26.61,daily close; provider=coingecko/yahoo/ccxt; base normalized
2023-10-02,1033.4798947764,26.61,daily close; provider=coingecko/yahoo/ccxt; base normalized
2023-10-03,1030.7478391582113,26.61,daily close; provider=coingecko/yahoo/ccxt; base normalized
2023-10-04,1044.7200300638856,26.61,daily close; provider=coingecko/yahoo/ccxt; base normalized
2023-10-05,1030.2066892145808,26.61,daily close; provider=coingecko/yahoo/ccxt; base normalized
2023-10-06,1050.2743329575349,26.61,daily close; provider=coingecko/yahoo/ccxt; base normalized
2023-10-07,1051.2363773017664,26.61,daily close; provider=coingecko/yahoo/ccxt; base normalized
2023-10-08,1049.78203682826,26.61,daily close; provider=coingecko/yahoo/ccxt; base normalized
2023-10-09,1036.6816986095453,26.61,daily close; provider=coingecko/yahoo/ccxt; base normalized
2023-10-10,1029.5866215708381,26.61,daily close; provider=coingecko/yahoo/ccxt; base normalized
2023-10-11,1009.7031191281474,26.61,daily close; provider=coingecko/yahoo/ccxt; base normalized
2023-10-12,1005.6708004509583,26.61,daily close; provider=coingecko/yahoo/ccxt; base normalized
2023-10-13,1009.6918451709885,26.61,daily close; provider=coingecko/yahoo/ccxt; base normalized
2023-10-14,1009.2934986847051,26.61,daily close; provider=coingecko/yahoo/ccxt; base normalized
2023-10-15,1021.0484780157835,26.61,daily close; provider=coingecko/yahoo/ccxt; base normalized
2023-10-16,1071.6572717023676,26.61,daily close; provider=coingecko/yahoo/ccxt; base normalized
2023-10-17,1067.8617061255168,26.61,daily close; provider=coingecko/yahoo/ccxt; base normalized
2023-10-18,1064.8290116497556,26.61,daily close; provider=coingecko/yahoo/ccxt; base normalized
2023-10-19,1079.5527996993612,26.61,daily close; provider=coingecko/yahoo/ccxt; base normalized
2023-10-20,1115.403983464863,26.61,daily close; provider=coingecko/yahoo/ccxt; base normalized
2023-10-21,1124.3968432919955,26.61,daily close; provider=coingecko/yahoo/ccxt; base normalized
2023-10-22,1126.9184517098836,26.61,daily close; provider=coingecko/yahoo/ccxt; base normalized
2023-10-23,1243.3070274332958,26.61,daily close; provider=coingecko/yahoo/ccxt; base normalized
2023-10-24,1274.7989477639985,26.61,daily close; provider=coingecko/yahoo/ccxt; base normalized
2023-10-25,1296.1255167230365,26.61,daily close; provider=coingecko/yahoo/ccxt; base normalized
2023-10-26,1283.5475385193536,26.61,daily close; provider=coingecko/yahoo/ccxt; base normalized
2023-10-27,1274.5246148064637,26.61,daily close; provider=coingecko/yahoo/ccxt; base normalized
2023-10-28,1281.1762495302517,26.61,daily close; provider=coingecko/yahoo/ccxt; base normalized
2023-10-29,1297.6136790680196,26.61,daily close; provider=coingecko/yahoo/ccxt; base normalized
2023-10-30,1296.8094701240134,26.61,daily close; provider=coingecko/yahoo/ccxt; base normalized
2023-10-31,1302.3374671176248,26.61,daily close; provider=coingecko/yahoo/ccxt; base normalized
2023-11-01,1331.8940248027056,26.61,daily close; provider=coingecko/yahoo/ccxt; base normalized
2023-11-02,1312.5779782036827,26.61,daily close; provider=coingecko/yahoo/ccxt; base normalized
2023-11-03,1305.5693348365276,26.61,daily close; provider=coingecko/yahoo/ccxt; base normalized
2023-11-04,1318.6884629838407,26.61,daily close; provider=coingecko/yahoo/ccxt; base normalized
2023-11-05,1317.1739947388198,26.61,daily close; provider=coingecko/yahoo/ccxt; base normalized
2023-11-06,1316.369785794814,26.61,daily close; provider=coingecko/yahoo/ccxt; base normalized
2023-11-07,1332.1683577602405,26.61,daily close; provider=coingecko/yahoo/ccxt; base normalized
2023-11-08,1338.8350244269072,26.61,daily close; provider=coingecko/yahoo/ccxt; base normalized
2023-11-09,1378.955279969936,26.61,daily close; provider=coingecko/yahoo/ccxt; base normalized
2023-11-10,1402.1683577602405,26.61,daily close; provider=coingecko/yahoo/ccxt; base normalized
2023-11-11,1395.708380308155,26.61,daily close; provider=coingecko/yahoo/ccxt; base normalized
2023-11-12,1392.4802705749719,26.61,daily close; provider=coingecko/yahoo/ccxt; base normalized
2023-11-13,1371.4430665163472,26.61,daily close; provider=coingecko/yahoo/ccxt; base normalized
2023-11-14,1335.7534761367906,26.61,daily close; provider=coingecko/yahoo/ccxt; base normalized
2023-11-15,1424.152574220218,26.61,daily close; provider=coingecko/yahoo/ccxt; base normalized
2023-11-16,1358.8538143555054,26.61,daily close; provider=coingecko/yahoo/ccxt; base normalized
2023-11-17,1376.3622698233746,26.61,daily close; provider=coingecko/yahoo/ccxt; base normalized
2023-11-18,1374.900413378429,26.61,daily close; provider=coingecko/yahoo/ccxt; base normalized
2023-11-19,1404.5058248778655,26.61,daily close; provider=coingecko/yahoo/ccxt; base normalized
2023-11-20,1408.511837655017,26.61,daily close; provider=coingecko/yahoo/ccxt; base normalized
2023-11-21,1344.4983089064262,26.61,daily close; provider=coingecko/yahoo/ccxt; base normalized
2023-11-22,1406.542653137918,26.61,daily close; provider=coingecko/yahoo/ccxt; base normalized
2023-11-23,1401.762495302518,26.61,daily close; provider=coingecko/yahoo/ccxt; base normalized
2023-11-24,1417.151446824502,26.61,daily close; provider=coingecko/yahoo/ccxt; base normalized
2023-11-25,1420.5261180007515,26.61,daily close; provider=coingecko/yahoo/ccxt; base normalized
2023-11-26,1408.1134911687336,26.61,daily close; provider=coingecko/yahoo/ccxt; base normalized
2023-11-27,1400.0037579857196,26.61,daily close; provider=coingecko/yahoo/ccxt; base normalized
2023-11-28,1421.7474633596391,26.61,daily close; provider=coingecko/yahoo/ccxt; base normalized
2023-11-29,1423.1491920330702,26.61,daily close; provider=coingecko/yahoo/ccxt; base normalized
2023-11-30,1417.4257797820367,26.61,daily close; provider=coingecko/yahoo/ccxt; base normalized
2023-12-01,1453.9646749342353,26.61,daily close; provider=coingecko/yahoo/ccxt; base normalized
2023-12-02,1483.543780533634,26.61,daily close; provider=coingecko/yahoo/ccxt; base normalized
2023-12-03,1502.2585494175123,26.61,daily close; provider=coingecko/yahoo/ccxt; base normalized
2023-12-04,1577.7790304396842,26.61,daily close; provider=coingecko/yahoo/ccxt; base normalized
2023-12-05,1656.5501691093575,26.61,daily close; provider=coingecko/yahoo/ccxt; base normalized
2023-12-06,1644.5584366779403,26.61,daily close; provider=coingecko/yahoo/ccxt; base normalized
2023-12-07,1626.8959037955656,26.61,daily close; provider=coingecko/yahoo/ccxt; base normalized
2023-12-08,1660.2593010146563,26.61,daily close; provider=coingecko/yahoo/ccxt; base normalized
2023-12-09,1642.6005261180007,26.61,daily close; provider=coingecko/yahoo/ccxt; base normalized
2023-12-10,1645.5467869222098,26.61,daily close; provider=coingecko/yahoo/ccxt; base normalized
2023-12-11,1549.6730552423903,26.61,daily close; provider=coingecko/yahoo/ccxt; base normalized
2023-12-12,1558.4329199549043,26.61,daily close; provider=coingecko/yahoo/ccxt; base normalized
2023-12-13,1611.7662532882375,26.61,daily close; provider=coingecko/yahoo/ccxt; base normalized
2023-12-14,1616.5388951521984,26.61,daily close; provider=coingecko/yahoo/ccxt; base normalized
2023-12-15,1576.2232243517476,26.61,daily close; provider=coingecko/yahoo/ccxt; base normalized
2023-12-16,1587.053739195791,26.61,daily close; provider=coingecko/yahoo/ccxt; base normalized
2023-12-17,1553.7128898910187,26.61,daily close; provider=coingecko/yahoo/ccxt; base normalized
2023-12-18,1602.6343479894776,26.61,daily close; provider=coingecko/yahoo/ccxt; base normalized
2023-12-19,1588.3878241262682,26.61,daily close; provider=coingecko/yahoo/ccxt; base normalized
2023-12-20,1639.609169485156,26.61,daily close; provider=coingecko/yahoo/ccxt; base normalized
2023-12-21,1648.6020293122888,26.61,daily close; provider=coingecko/yahoo/ccxt; base normalized
2023-12-22,1653.4009770762873,26.61,daily close; provider=coingecko/yahoo/ccxt; base normalized
2023-12-23,1644.1225103344607,26.61,daily close; provider=coingecko/yahoo/ccxt; base normalized
2023-12-24,1616.4937993235626,26.61,daily close; provider=coingecko/yahoo/ccxt; base normalized
2023-12-25,1638.6358511837655,26.61,daily close; provider=coingecko/yahoo/ccxt; base normalized
2023-12-26,1597.8617061255168,26.61,daily close; provider=coingecko/yahoo/ccxt; base normalized
2023-12-27,1633.5249906050358,26.61,daily close; provider=coingecko/yahoo/ccxt; base normalized
2023-12-28,1601.5182262307403,26.61,daily close; provider=coingecko/yahoo/ccxt; base normalized
2023-12-29,1582.033070274333,26.61,daily close; provider=coingecko/yahoo/ccxt; base normalized
2023-12-30,1583.990980834273,26.61,daily close; provider=coingecko/yahoo/ccxt; base normalized
2023-12-31,1587.4145058248778,26.61,daily close; provider=coingecko/yahoo/ccxt; base normalized
2024-01-01,1660.3081548290118,26.61,daily close; provider=coingecko/yahoo/ccxt; base normalized
2024-01-02,1690.0413378429162,26.61,daily close; provider=coingecko/yahoo/ccxt; base normalized
2024-01-03,1610.2780909432543,26.61,daily close; provider=coingecko/yahoo/ccxt; base normalized
2024-01-04,1661.4768883878241,26.61,daily close; provider=coingecko/yahoo/ccxt; base normalized
2024-01-05,1660.2743329575349,26.61,daily close; provider=coingecko/yahoo/ccxt; base normalized
2024-01-06,1652.010522360015,26.61,daily close; provider=coingecko/yahoo/ccxt; base normalized
2024-01-07,1650.3532506576475,26.61,daily close; provider=coingecko/yahoo/ccxt; base normalized
2024-01-08,1765.8549417512215,26.61,daily close; provider=coingecko/yahoo/ccxt; base normalized
2024-01-09,1733.509958662157,26.61,daily close; provider=coingecko/yahoo/ccxt; base normalized
2024-01-10,1753.6565201052238,26.61,daily close; provider=coingecko/yahoo/ccxt; base normalized
2024-01-11,1741.8414130026308,26.61,daily close; provider=coingecko/yahoo/ccxt; base normalized
2024-01-12,1608.4216459977451,26.61,daily close; provider=coingecko/yahoo/ccxt; base normalized
2024-01-13,1609.4663660278093,26.61,daily close; provider=coingecko/yahoo/ccxt; base normalized
2024-01-14,1567.7978203682826,26.61,daily close; provider=coingecko/yahoo/ccxt; base normalized
2024-01-15,1597.3844419391207,26.61,daily close; provider=coingecko/yahoo/ccxt; base normalized
2024-01-16,1620.9958662157082,26.61,daily close; provider=coingecko/yahoo/ccxt; base normalized
2024-01-17,1606.456219466366,26.61,daily close; provider=coingecko/yahoo/ccxt; base normalized
2024-01-18,1550.7215332581734,26.61,daily close; provider=coingecko/yahoo/ccxt; base normalized
2024-01-19,1563.7692596768134,26.61,daily close; provider=coingecko/yahoo/ccxt; base normalized
2024-01-20,1565.2010522360015,26.61,daily close; provider=coingecko/yahoo/ccxt; base normalized
2024-01-21,1561.6196918451708,26.61,daily close; provider=coingecko/yahoo/ccxt; base normalized
2024-01-22,1484.7801578354004,26.61,daily close; provider=coingecko/yahoo/ccxt; base normalized
2024-01-23,1497.3318301390455,26.61,daily close; provider=coingecko/yahoo/ccxt; base normalized
2024-01-24,1505.817361894025,26.61,daily close; provider=coingecko/yahoo/ccxt; base normalized
2024-01-25,1500.3682826005263,26.61,daily close; provider=coingecko/yahoo/ccxt; base normalized
2024-01-26,1571.3716647876736,26.61,daily close; provider=coingecko/yahoo/ccxt; base normalized
2024-01-27,1583.100338218715,26.61,daily close; provider=coingecko/yahoo/ccxt; base normalized
2024-01-28,1579.2897406989855,26.61,daily close; provider=coingecko/yahoo/ccxt; base normalized
2024-01-29,1626.0616309658024,26.61,daily close; provider=coingecko/yahoo/ccxt; base normalized
2024-01-30,1614.280345734686,26.61,daily close; provider=coingecko/yahoo/ccxt; base normalized
2024-01-31,1599.0868094701239,26.61,daily close; provider=coingecko/yahoo/ccxt; base normalized
2024-02-01,1618.759864712514,26.61,daily close; provider=coingecko/yahoo/ccxt; base normalized
2024-02-02,1622.9199549041716,26.61,daily close; provider=coingecko/yahoo/ccxt; base normalized
2024-02-03,1615.2874859075537,26.61,daily close; provider=coingecko/yahoo/ccxt; base normalized
2024-02-04,1600.5787298008267,26.61,daily close; provider=coingecko/yahoo/ccxt; base normalized
2024-02-05,1602.7809094325441,26.61,daily close; provider=coingecko/yahoo/ccxt; base normalized
2024-02-06,1619.12814731304,26.61,daily close; provider=coingecko/yahoo/ccxt; base normalized
2024-02-07,1666.0503570086435,26.61,daily close; provider=coingecko/yahoo/ccxt; base normalized
2024-02-08,1703.4798947763998,26.61,daily close; provider=coingecko/yahoo/ccxt; base normalized
2024-02-09,1771.0259301014657,26.61,daily close; provider=coingecko/yahoo/ccxt; base normalized
2024-02-10,1795.3100338218712,26.61,daily close; provider=coingecko/yahoo/ccxt; base normalized
2024-02-11,1814.9192033070274,26.61,daily close; provider=coingecko/yahoo/ccxt; base normalized
2024-02-12,1876.8771138669672,26.61,daily close; provider=coingecko/yahoo/ccxt; base normalized
2024-02-13,1869.8008267568584,26.61,daily close; provider=coingecko/yahoo/ccxt; base normalized
2024-02-14,1947.955655768508,26.61,daily close; provider=coingecko/yahoo/ccxt; base normalized
2024-02-15,1952.1645997745206,26.61,daily close; provider=coingecko/yahoo/ccxt; base normalized
2024-02-16,1961.1161217587373,26.61,daily close; provider=coingecko/yahoo/ccxt; base normalized
2024-02-17,1942.878617061255,26.61,daily close; provider=coingecko/yahoo/ccxt; base normalized
2024-02-18,1960.0263059000379,26.61,daily close; provider=coingecko/yahoo/ccxt; base normalized
2024-02-19,1945.5505449079294,26.61,daily close; provider=coingecko/yahoo/ccxt; base normalized
2024-02-20,1964.302893649004,26.61,daily close; provider=coingecko/yahoo/ccxt; base normalized
2024-02-21,1949.1506952273583,26.61,daily close; provider=coingecko/yahoo/ccxt; base normalized
2024-02-22,1927.8504321683577,26.61,daily close; provider=coingecko/yahoo/ccxt; base normalized
2024-02-23,1906.7794062382563,26.61,daily close; provider=coingecko/yahoo/ccxt; base normalized
2024-02-24,1937.4107478391581,26.61,daily close; provider=coingecko/yahoo/ccxt; base normalized
2024-02-25,1944.1488162344983,26.61,daily close; provider=coingecko/yahoo/ccxt; base normalized
2024-02-26,2049.056745584367,26.61,daily close; provider=coingecko/yahoo/ccxt; base normalized
2024-02-27,2144.7801578354,26.61,daily close; provider=coingecko/yahoo/ccxt; base normalized
2024-02-28,2348.282600526118,26.61,daily close; provider=coingecko/yahoo/ccxt; base normalized
2024-02-29,2299.1694851559564,26.61,daily close; provider=coingecko/yahoo/ccxt; base normalized
2024-03-01,2346.2720781661033,26.61,daily close; provider=coingecko/yahoo/ccxt; base normalized
2024-03-02,2331.217587373168,26.61,daily close; provider=coingecko/yahoo/ccxt; base normalized
2024-03-03,2374.2277339346106,26.61,daily close; provider=coingecko/yahoo/ccxt; base normalized
2024-03-04,2567.5723412251036,26.61,daily close; provider=coingecko/yahoo/ccxt; base normalized
2024-03-05,2397.6813228109736,26.61,daily close; provider=coingecko/yahoo/ccxt; base normalized
2024-03-06,2483.987222848553,26.61,daily close; provider=coingecko/yahoo/ccxt; base normalized
2024-03-07,2515.464111236377,26.61,daily close; provider=coingecko/yahoo/ccxt; base normalized
2024-03-08,2567.944381811349,26.61,daily close; provider=coingecko/yahoo/ccxt; base normalized
2024-03-09,2572.683201803833,26.61,daily close; provider=coingecko/yahoo/ccxt; base normalized
2024-03-10,2594.5170988350246,26.61,daily close; provider=coingecko/yahoo/ccxt; base normalized
2024-03-11,2709.507703870725,26.61,daily close; provider=coingecko/yahoo/ccxt; base normalized
2024-03-12,2686.3848177376926,26.61,daily close; provider=coingecko/yahoo/ccxt; base normalized
2024-03-13,2746.4261555806083,26.61,daily close; provider=coingecko/yahoo/ccxt; base normalized
2024-03-14,2682.119503945885,26.61,daily close; provider=coingecko/yahoo/ccxt; base normalized
2024-03-15,2611.3791807591133,26.61,daily close; provider=coingecko/yahoo/ccxt; base normalized
2024-03-16,2452.0706501315294,26.61,daily close; provider=coingecko/yahoo/ccxt; base normalized
2024-03-17,2568.7936865839915,26.61,daily close; provider=coingecko/yahoo/ccxt; base normalized
2024-03-18,2540.3983464862836,26.61,daily close; provider=coingecko/yahoo/ccxt; base normalized
2024-03-19,2326.508831266441,26.61,daily close; provider=coingecko/yahoo/ccxt; base normalized
2024-03-20,2550.3945885005637,26.61,daily close; provider=coingecko/yahoo/ccxt; base normalized
2024-03-21,2461.476888387824,26.61,daily close; provider=coingecko/yahoo/ccxt; base normalized
2024-03-22,2397.9744456971066,26.61,daily close; provider=coingecko/yahoo/ccxt; base normalized
2024-03-23,2406.4073656520104,26.61,daily close; provider=coingecko/yahoo/ccxt; base normalized
2024-03-24,2525.137166478767,26.61,daily close; provider=coingecko/yahoo/ccxt; base normalized
2024-03-25,2628.7110108981583,26.61,daily close; provider=coingecko/yahoo/ccxt; base normalized
2024-03-26,2630.5937617437057,26.61,daily close; provider=coingecko/yahoo/ccxt; base normalized
2024-03-27,2609.4438181134915,26.61,daily close; provider=coingecko/yahoo/ccxt; base normalized
2024-03-28,2658.4817737692592,26.61,daily close; provider=coingecko/yahoo/ccxt; base normalized
2024-03-29,2627.474633596393,26.61,daily close; provider=coingecko/yahoo/ccxt; base normalized
2024-03-30,2617.512213453589,26.61,daily close; provider=coingecko/yahoo/ccxt; base normalized
2024-03-31,2679.6993611424277,26.61,daily close; provider=coingecko/yahoo/ccxt; base normalized
2024-04-01,2618.6057872980086,26.61,daily close; provider=coingecko/yahoo/ccxt; base normalized
2024-04-02,2459.88726042841,26.61,daily close; provider=coingecko/yahoo/ccxt; base normalized
2024-04-03,2479.951146185644,26.61,daily close; provider=coingecko/yahoo/ccxt; base normalized
2024-04-04,2575.249906050357,26.61,daily close; provider=coingecko/yahoo/ccxt; base normalized
2024-04-05,2550.0375798571968,26.61,daily close; provider=coingecko/yahoo/ccxt; base normalized
2024-04-06,2589.5753476136792,26.61,daily close; provider=coingecko/yahoo/ccxt; base normalized
2024-04-07,2607.5197294250283,26.61,daily close; provider=coingecko/yahoo/ccxt; base normalized
2024-04-08,2692.596768132281,26.61,daily close; provider=coingecko/yahoo/ccxt; base normalized
2024-04-09,2599.01916572717,26.61,daily close; provider=coingecko/yahoo/ccxt; base normalized
2024-04-10,2653.596392333709,26.61,daily close; provider=coingecko/yahoo/ccxt; base normalized
2024-04-11,2632.3337091319054,26.61,daily close; provider=coingecko/yahoo/ccxt; base normalized
2024-04-12,2525.5618188650883,26.61,daily close; provider=coingecko/yahoo/ccxt; base normalized
2024-04-13,2406.7042465238633,26.61,daily close; provider=coingecko/yahoo/ccxt; base normalized
2024-04-14,2468.996617812852,26.61,daily close; provider=coingecko/yahoo/ccxt; base normalized
2024-04-15,2382.878617061255,26.61,daily close; provider=coingecko/yahoo/ccxt; base normalized
2024-04-16,2398.8199924840283,26.61,daily close; provider=coingecko/yahoo/ccxt; base normalized
2024-04-17,2303.059000375799,26.61,daily close; provider=coingecko/yahoo/ccxt; base normalized
2024-04-18,2386.6629086809467,26.61,daily close; provider=coingecko/yahoo/ccxt; base normalized
2024-04-19,2399.4400601277716,26.61,daily close; provider=coingecko/yahoo/ccxt; base normalized
2024-04-20,2442.453964674934,26.61,daily close; provider=coingecko/yahoo/ccxt; base normalized
2024-04-21,2440.947012401353,26.61,daily close; provider=coingecko/yahoo/ccxt; base normalized
2024-04-22,2511.5144682450205,26.61,daily close; provider=coingecko/yahoo/ccxt; base normalized
2024-04-23,2496.046599022924,26.61,daily close; provider=coingecko/yahoo/ccxt; base normalized
2024-04-24,2416.0578729800827,26.61,daily close; provider=coingecko/yahoo/ccxt; base normalized
2024-04-25,2423.491168733559,26.61,daily close; provider=coingecko/yahoo/ccxt; base normalized
2024-04-26,2395.7459601653513,26.61,daily close; provider=coingecko/yahoo/ccxt; base normalized
2024-04-27,2383.502442690718,26.61,daily close; provider=coingecko/yahoo/ccxt; base normalized
2024-04-28,2371.84892897407,26.61,daily close; provider=coingecko/yahoo/ccxt; base normalized
2024-04-29,2398.425403983465,26.61,daily close; provider=coingecko/yahoo/ccxt; base normalized
2024-04-30,2277.71514468245,26.61,daily close; provider=coingecko/yahoo/ccxt; base normalized
2024-05-01,2189.8609545283725,26.61,daily close; provider=coingecko/yahoo/ccxt; base normalized
2024-05-02,2221.8752348741077,26.61,daily close; provider=coingecko/yahoo/ccxt; base normalized
2024-05-03,2364.742577978204,26.61,daily close; provider=coingecko/yahoo/ccxt; base normalized
2024-05-04,2401.176249530252,26.61,daily close; provider=coingecko/yahoo/ccxt; base normalized
2024-05-05,2407.6475009394962,26.61,daily close; provider=coingecko/yahoo/ccxt; base normalized
2024-05-06,2373.607666290868,26.61,daily close; provider=coingecko/yahoo/ccxt; base normalized
2024-05-07,2342.164599774521,26.61,daily close; provider=coingecko/yahoo/ccxt; base normalized
2024-05-08,2298.8387824126266,26.61,daily close; provider=coingecko/yahoo/ccxt; base normalized
2024-05-09,2369.481397970688,26.61,daily close; provider=coingecko/yahoo/ccxt; base normalized
2024-05-10,2284.6523863209322,26.61,daily close; provider=coingecko/yahoo/ccxt; base normalized
2024-05-11,2285.043216835776,26.61,daily close; provider=coingecko/yahoo/ccxt; base normalized
2024-05-12,2309.0792934986844,26.61,daily close; provider=coingecko/yahoo/ccxt; base normalized
2024-05-13,2364.1488162344986,26.61,daily close; provider=coingecko/yahoo/ccxt; base normalized
2024-05-14,2313.739195791056,26.61,daily close; provider=coingecko/yahoo/ccxt; base normalized
2024-05-15,2489.0266816986095,26.61,daily close; provider=coingecko/yahoo/ccxt; base normalized
2024-05-16,2451.2739571589627,26.61,daily close; provider=coingecko/yahoo/ccxt; base normalized
2024-05-17,2519.485155956407,26.61,daily close; provider=coingecko/yahoo/ccxt; base normalized
2024-05-18,2514.8440435926345,26.61,daily close; provider=coingecko/yahoo/ccxt; base normalized
2024-05-19,2490.1315295001878,26.61,daily close; provider=coingecko/yahoo/ccxt; base normalized
2024-05-20,2683.506200676438,26.61,daily close; provider=coingecko/yahoo/ccxt; base normalized
2024-05-21,2636.042841037204,26.61,daily close; provider=coingecko/yahoo/ccxt; base normalized
2024-05-22,2598.421645997745,26.61,daily close; provider=coingecko/yahoo/ccxt; base normalized
2024-05-23,2553.2055618188656,26.61,daily close; provider=coingecko/yahoo/ccxt; base normalized
2024-05-24,2575.689590379557,26.61,daily close; provider=coingecko/yahoo/ccxt; base normalized
2024-05-25,2603.483652762119,26.61,daily close; provider=coingecko/yahoo/ccxt; base normalized
2024-05-26,2573.333333333333,26.61,daily close; provider=coingecko/yahoo/ccxt; base normalized
2024-05-27,2607.207816610297,26.61,daily close; provider=coingecko/yahoo/ccxt; base normalized
2024-05-28,2567.639984968057,26.61,daily close; provider=coingecko/yahoo/ccxt; base normalized
2024-05-29,2539.4738819992485,26.61,daily close; provider=coingecko/yahoo/ccxt; base normalized
2024-05-30,2569.1469372416386,26.61,daily close; provider=coingecko/yahoo/ccxt; base normalized
2024-05-31,2536.568959037956,26.61,daily close; provider=coingecko/yahoo/ccxt; base normalized
2024-06-01,2544.802705749718,26.61,daily close; provider=coingecko/yahoo/ccxt; base normalized
2024-06-02,2545.249906050357,26.61,daily close; provider=coingecko/yahoo/ccxt; base normalized
2024-06-03,2585.494175122135,26.61,daily close; provider=coingecko/yahoo/ccxt; base normalized
2024-06-04,2651.5821119879747,26.61,daily close; provider=coingecko/yahoo/ccxt; base normalized
2024-06-05,2672.06313416009,26.61,daily close; provider=coingecko/yahoo/ccxt; base normalized
2024-06-06,2658.8538143555056,26.61,daily close; provider=coingecko/yahoo/ccxt; base normalized
2024-06-07,2604.922961292747,26.61,daily close; provider=coingecko/yahoo/ccxt; base normalized
2024-06-08,2603.964674934235,26.61,daily close; provider=coingecko/yahoo/ccxt; base normalized
2024-06-09,2617.433295753476,26.61,daily close; provider=coingecko/yahoo/ccxt; base normalized
2024-06-10,2612.6305900037582,26.61,daily close; provider=coingecko/yahoo/ccxt; base normalized
2024-06-11,2530.9507703870727,26.61,daily close; provider=coingecko/yahoo/ccxt; base normalized
2024-06-12,2564.212701991732,26.61,daily close; provider=coingecko/yahoo/ccxt; base normalized
2024-06-13,2508.6997369409996,26.61,daily close; provider=coingecko/yahoo/ccxt; base normalized
2024-06-14,2479.973694099963,26.61,daily close; provider=coingecko/yahoo/ccxt; base normalized
2024-06-15,2487.7151446824505,26.61,daily close; provider=coingecko/yahoo/ccxt; base normalized
2024-06-16,2504.148816234498,26.61,daily close; provider=coingecko/yahoo/ccxt; base normalized
2024-06-17,2498.5945133408495,26.61,daily close; provider=coingecko/yahoo/ccxt; base normalized
2024-06-18,2449.0680195415257,26.61,daily close; provider=coingecko/yahoo/ccxt; base normalized
2024-06-19,2440.774145058249,26.61,daily close; provider=coingecko/yahoo/ccxt; base normalized
2024-06-20,2436.426155580609,26.61,daily close; provider=coingecko/yahoo/ccxt; base normalized
2024-06-21,2408.414130026306,26.61,daily close; provider=coingecko/yahoo/ccxt; base normalized
2024-06-22,2414.6185644494553,26.61,daily close; provider=coingecko/yahoo/ccxt; base normalized
2024-06-23,2374.148816234498,26.61,daily close; provider=coingecko/yahoo/ccxt; base normalized
2024-06-24,2265.9526493799326,26.61,daily close; provider=coingecko/yahoo/ccxt; base normalized
2024-06-25,2322.209695603157,26.61,daily close; provider=coingecko/yahoo/ccxt; base normalized
2024-06-26,2285.422773393461,26.61,daily close; provider=coingecko/yahoo/ccxt; base normalized
2024-06-27,2315.5618188650883,26.61,daily close; provider=coingecko/yahoo/ccxt; base normalized
2024-06-28,2266.801954152574,26.61,daily close; provider=coingecko/yahoo/ccxt; base normalized
2024-06-29,2287.1101089815857,26.61,daily close; provider=coingecko/yahoo/ccxt; base normalized
2024-06-30,2355.5167230364527,26.61,daily close; provider=coingecko/yahoo/ccxt; base normalized
2024-07-01,2362.2134535888763,26.61,daily close; provider=coingecko/yahoo/ccxt; base normalized
2024-07-02,2330.698985343856,26.61,daily close; provider=coingecko/yahoo/ccxt; base normalized
2024-07-03,2260.3006388575723,26.61,daily close; provider=coingecko/yahoo/ccxt; base normalized
2024-07-04,2142.8447951897783,26.61,daily close; provider=coingecko/yahoo/ccxt; base normalized
2024-07-05,2128.902668169861,26.61,daily close; provider=coingecko/yahoo/ccxt; base normalized
2024-07-06,2188.459225854942,26.61,daily close; provider=coingecko/yahoo/ccxt; base normalized
2024-07-07,2098.6621570838033,26.61,daily close; provider=coingecko/yahoo/ccxt; base normalized
2024-07-08,2130.7515971439307,26.61,daily close; provider=coingecko/yahoo/ccxt; base normalized
2024-07-09,2179.6918451709885,26.61,daily close; provider=coingecko/yahoo/ccxt; base normalized
2024-07-10,2169.977452085682,26.61,daily close; provider=coingecko/yahoo/ccxt; base normalized
2024-07-11,2155.2048102217213,26.61,daily close; provider=coingecko/yahoo/ccxt; base normalized
2024-07-12,2176.3021420518603,26.61,daily close; provider=coingecko/yahoo/ccxt; base normalized
2024-07-13,2225.5843667794065,26.61,daily close; provider=coingecko/yahoo/ccxt; base normalized
2024-07-14,2285.231116121759,26.61,daily close; provider=coingecko/yahoo/ccxt; base normalized
2024-07-15,2433.8293874483275,26.61,daily close; provider=coingecko/yahoo/ccxt; base normalized
2024-07-16,2446.024051108606,26.61,daily close; provider=coingecko/yahoo/ccxt; base normalized
2024-07-17,2409.620443442315,26.61,daily close; provider=coingecko/yahoo/ccxt; base normalized
2024-07-18,2403.6339721909058,26.61,daily close; provider=coingecko/yahoo/ccxt; base normalized
2024-07-19,2506.910935738444,26.61,daily close; provider=coingecko/yahoo/ccxt; base normalized
2024-07-20,2524.092446448704,26.61,daily close; provider=coingecko/yahoo/ccxt; base normalized
2024-07-21,2560.582487786547,26.61,daily close; provider=coingecko/yahoo/ccxt; base normalized
2024-07-22,2540.2142051860205,26.61,daily close; provider=coingecko/yahoo/ccxt; base normalized
2024-07-23,2476.542653137918,26.61,daily close; provider=coingecko/yahoo/ccxt; base normalized
2024-07-24,2456.4825253664035,26.61,daily close; provider=coingecko/yahoo/ccxt; base normalized
2024-07-25,2472.5817361894024,26.61,daily close; provider=coingecko/yahoo/ccxt; base normalized
2024-07-26,2552.2247275460354,26.61,daily close; provider=coingecko/yahoo/ccxt; base normalized
2024-07-27,2551.7023675310033,26.61,daily close; provider=coingecko/yahoo/ccxt; base normalized
2024-07-28,2564.8252536640357,26.61,daily close; provider=coingecko/yahoo/ccxt; base normalized
2024-07-29,2508.654641112364,26.61,daily close; provider=coingecko/yahoo/ccxt; base normalized
2024-07-30,2486.85080796693,26.61,daily close; provider=coingecko/yahoo/ccxt; base normalized
2024-07-31,2429.0905674558435,26.61,daily close; provider=coingecko/yahoo/ccxt; base normalized
2024-08-01,2453.964674934235,26.61,daily close; provider=coingecko/yahoo/ccxt; base normalized
2024-08-02,2307.7752724539646,26.61,daily close; provider=coingecko/yahoo/ccxt; base normalized
2024-08-03,2280.6651634723785,26.61,daily close; provider=coingecko/yahoo/ccxt; base normalized
2024-08-04,2183.5024426907175,26.61,daily close; provider=coingecko/yahoo/ccxt; base normalized
2024-08-05,2029.5565576850806,26.61,daily close; provider=coingecko/yahoo/ccxt; base normalized
2024-08-06,2107.478391582112,26.61,daily close; provider=coingecko/yahoo/ccxt; base normalized
2024-08-07,2070.311912814731,26.61,daily close; provider=coingecko/yahoo/ccxt; base normalized
2024-08-08,2318.8538143555056,26.61,daily close; provider=coingecko/yahoo/ccxt; base normalized
2024-08-09,2287.1063509958663,26.61,daily close; provider=coingecko/yahoo/ccxt; base normalized
2024-08-10,2290.5561818865085,26.61,daily close; provider=coingecko/yahoo/ccxt; base normalized
2024-08-11,2206.6027809094326,26.61,daily close; provider=coingecko/yahoo/ccxt; base normalized
2024-08-12,2230.7365652010526,26.61,daily close; provider=coingecko/yahoo/ccxt; base normalized
2024-08-13,2277.3393461104847,26.61,daily close; provider=coingecko/yahoo/ccxt; base normalized
2024-08-14,2205.697106350996,26.61,daily close; provider=coingecko/yahoo/ccxt; base normalized
2024-08-15,2162.904922961293,26.61,daily close; provider=coingecko/yahoo/ccxt; base normalized
2024-08-16,2213.393461104848,26.61,daily close; provider=coingecko/yahoo/ccxt; base normalized
2024-08-17,2234.9981210071405,26.61,daily close; provider=coingecko/yahoo/ccxt; base normalized
2024-08-18,2197.162720781661,26.61,daily close; provider=coingecko/yahoo/ccxt; base normalized
2024-08-19,2235.7647500939497,26.61,daily close; provider=coingecko/yahoo/ccxt; base normalized
2024-08-20,2218.087185268696,26.61,daily close; provider=coingecko/yahoo/ccxt; base normalized
2024-08-21,2299.1243893273204,26.61,daily close; provider=coingecko/yahoo/ccxt; base normalized
2024-08-22,2269.4889139421266,26.61,daily close; provider=coingecko/yahoo/ccxt; base normalized
2024-08-23,2408.395340097708,26.61,daily close; provider=coingecko/yahoo/ccxt; base normalized
2024-08-24,2411.724915445321,26.61,daily close; provider=coingecko/yahoo/ccxt; base normalized
2024-08-25,2415.9376174370536,26.61,daily close; provider=coingecko/yahoo/ccxt; base normalized
2024-08-26,2362.070650131529,26.61,daily close; provider=coingecko/yahoo/ccxt; base normalized
2024-08-27,2234.423149192033,26.61,daily close; provider=coingecko/yahoo/ccxt; base normalized
2024-08-28,2218.173618940248,26.61,daily close; provider=coingecko/yahoo/ccxt; base normalized
2024-08-29,2231.698609545284,26.61,daily close; provider=coingecko/yahoo/ccxt; base normalized
2024-08-30,2221.1574596016535,26.61,daily close; provider=coingecko/yahoo/ccxt; base normalized
2024-08-31,2216.1706125516725,26.61,daily close; provider=coingecko/yahoo/ccxt; base normalized
2024-09-01,2154.1225103344605,26.61,daily close; provider=coingecko/yahoo/ccxt; base normalized
2024-09-02,2222.044344231492,26.61,daily close; provider=coingecko/yahoo/ccxt; base normalized
2024-09-03,2160.7515971439307,26.61,daily close; provider=coingecko/yahoo/ccxt; base normalized
2024-09-04,2178.504321683578,26.61,daily close; provider=coingecko/yahoo/ccxt; base normalized
2024-09-05,2110.631341600902,26.61,daily close; provider=coingecko/yahoo/ccxt; base normalized
2024-09-06,2027.369409996242,26.61,daily close; provider=coingecko/yahoo/ccxt; base normalized
2024-09-07,2034.8139797068773,26.61,daily close; provider=coingecko/yahoo/ccxt; base normalized
2024-09-08,2061.5107102593015,26.61,daily close; provider=coingecko/yahoo/ccxt; base normalized
2024-09-09,2144.408117249154,26.61,daily close; provider=coingecko/yahoo/ccxt; base normalized
2024-09-10,2165.727170236753,26.61,daily close; provider=coingecko/yahoo/ccxt; base normalized
2024-09-11,2155.227358136039,26.61,daily close; provider=coingecko/yahoo/ccxt; base normalized
2024-09-12,2184.6335963923334,26.61,daily close; provider=coingecko/yahoo/ccxt; base normalized
2024-09-13,2276.6253288237504,26.61,daily close; provider=coingecko/yahoo/ccxt; base normalized
2024-09-14,2254.795189778279,26.61,daily close; provider=coingecko/yahoo/ccxt; base normalized
2024-09-15,2222.2886133032694,26.61,daily close; provider=coingecko/yahoo/ccxt; base normalized
2024-09-16,2187.042465238632,26.61,daily close; provider=coingecko/yahoo/ccxt; base normalized
2024-09-17,2266.7117624953025,26.61,daily close; provider=coingecko/yahoo/ccxt; base normalized
2024-09-18,2321.5971439308532,26.61,daily close; provider=coingecko/yahoo/ccxt; base normalized
2024-09-19,2364.6035325065764,26.61,daily close; provider=coingecko/yahoo/ccxt; base normalized
2024-09-20,2375.4302893649,26.61,daily close; provider=coingecko/yahoo/ccxt; base normalized
2024-09-21,2381.664787673807,26.61,daily close; provider=coingecko/yahoo/ccxt; base normalized
2024-09-22,2390.6501315295,26.61,daily close; provider=coingecko/yahoo/ccxt; base normalized
2024-09-23,2380.022547914318,26.61,daily close; provider=coingecko/yahoo/ccxt; base normalized
2024-09-24,2415.3250657647504,26.61,daily close; provider=coingecko/yahoo/ccxt; base normalized
2024-09-25,2372.7621195039455,26.61,daily close; provider=coingecko/yahoo/ccxt; base normalized
2024-09-26,2449.586621570838,26.61,daily close; provider=coingecko/yahoo/ccxt; base normalized
2024-09-27,2472.337467117625,26.61,daily close; provider=coingecko/yahoo/ccxt; base normalized
2024-09-28,2475.7008643367153,26.61,daily close; provider=coingecko/yahoo/ccxt; base normalized
2024-09-29,2465.6144306651636,26.61,daily close; provider=coingecko/yahoo/ccxt; base normalized
2024-09-30,2380.251785043217,26.61,daily close; provider=coingecko/yahoo/ccxt; base normalized
2024-10-01,2285.573092822247,26.61,daily close; provider=coingecko/yahoo/ccxt; base normalized
2024-10-02,2278.665915069523,26.61,daily close; provider=coingecko/yahoo/ccxt; base normalized
2024-10-03,2282.585494175122,26.61,daily close; provider=coingecko/yahoo/ccxt; base normalized
2024-10-04,2332.9951146185645,26.61,daily close; provider=coingecko/yahoo/ccxt; base normalized
2024-10-05,2331.792559188275,26.61,daily close; provider=coingecko/yahoo/ccxt; base normalized
2024-10-06,2360.364524614806,26.61,daily close; provider=coingecko/yahoo/ccxt; base normalized
2024-10-07,2338.7673806839534,26.61,daily close; provider=coingecko/yahoo/ccxt; base normalized
2024-10-08,2334.381811349117,26.61,daily close; provider=coingecko/yahoo/ccxt; base normalized
2024-10-09,2275.76099210823,26.61,daily close; provider=coingecko/yahoo/ccxt; base normalized
2024-10-10,2265.295001878993,26.61,daily close; provider=coingecko/yahoo/ccxt; base normalized
2024-10-11,2348.8350244269072,26.61,daily close; provider=coingecko/yahoo/ccxt; base normalized
2024-10-12,2374.445697106351,26.61,daily close; provider=coingecko/yahoo/ccxt; base normalized
2024-10-13,2361.326568959038,26.61,daily close; provider=coingecko/yahoo/ccxt; base normalized
2024-10-14,2481.2288613303267,26.61,daily close; provider=coingecko/yahoo/ccxt; base normalized
2024-10-15,2520.1240135287485,26.61,daily close; provider=coingecko/yahoo/ccxt; base normalized
2024-10-16,2540.018789928598,26.61,daily close; provider=coingecko/yahoo/ccxt; base normalized
2024-10-17,2533.175497933108,26.61,daily close; provider=coingecko/yahoo/ccxt; base normalized
2024-10-18,2571.976700488538,26.61,daily close; provider=coingecko/yahoo/ccxt; base normalized
2024-10-19,2569.518977827884,26.61,daily close; provider=coingecko/yahoo/ccxt; base normalized
2024-10-20,2593.4047350620067,26.61,daily close; provider=coingecko/yahoo/ccxt; base normalized
2024-10-21,2532.3224351747467,26.61,daily close; provider=coingecko/yahoo/ccxt; base normalized
2024-10-22,2532.416384817738,26.61,daily close; provider=coingecko/yahoo/ccxt; base normalized
2024-10-23,2504.073656520105,26.61,daily close; provider=coingecko/yahoo/ccxt; base normalized
2024-10-24,2561.8226230740324,26.61,daily close; provider=coingecko/yahoo/ccxt; base normalized
2024-10-25,2503.0740323186774,26.61,daily close; provider=coingecko/yahoo/ccxt; base normalized
2024-10-26,2518.827508455468,26.61,daily close; provider=coingecko/yahoo/ccxt; base normalized
2024-10-27,2553.2205937617437,26.61,daily close; provider=coingecko/yahoo/ccxt; base normalized
2024-10-28,2627.27921833897,26.61,daily close; provider=coingecko/yahoo/ccxt; base normalized
2024-10-29,2730.590003757986,26.61,daily close; provider=coingecko/yahoo/ccxt; base normalized
2024-10-30,2718.1924088688465,26.61,daily close; provider=coingecko/yahoo/ccxt; base normalized
2024-10-31,2639.9887260428413,26.61,daily close; provider=coingecko/yahoo/ccxt; base normalized
2024-11-01,2611.428034573469,26.61,daily close; provider=coingecko/yahoo/ccxt; base normalized
2024-11-02,2604.2841037204057,26.61,daily close; provider=coingecko/yahoo/ccxt; base normalized
2024-11-03,2583.566328447952,26.61,daily close; provider=coingecko/yahoo/ccxt; base normalized
2024-11-04,2547.2867343104094,26.61,daily close; provider=coingecko/yahoo/ccxt; base normalized
2024-11-05,2607.39195791056,26.61,daily close; provider=coingecko/yahoo/ccxt; base normalized
2024-11-06,2842.6155580608793,26.61,daily close; provider=coingecko/yahoo/ccxt; base normalized
2024-11-07,2854.160090191657,26.61,daily close; provider=coingecko/yahoo/ccxt; base normalized
2024-11-08,2876.7531003382187,26.61,daily close; provider=coingecko/yahoo/ccxt; base normalized
2024-11-09,2883.4385569334836,26.61,daily close; provider=coingecko/yahoo/ccxt; base normalized
2024-11-10,3022.296129274709,26.61,daily close; provider=coingecko/yahoo/ccxt; base normalized
2024-11-11,3334.7463359639232,26.61,daily close; provider=coingecko/yahoo/ccxt; base normalized
2024-11-12,3310.308154829012,26.61,daily close; provider=coingecko/yahoo/ccxt; base normalized
2024-11-13,3400.6350995866214,26.61,daily close; provider=coingecko/yahoo/ccxt; base normalized
2024-11-14,3281.2175873731676,26.61,daily close; provider=coingecko/yahoo/ccxt; base normalized
2024-11-15,3422.096956031567,26.61,daily close; provider=coingecko/yahoo/ccxt; base normalized
2024-11-16,3403.0477264186397,26.61,daily close; provider=coingecko/yahoo/ccxt; base normalized
2024-11-17,3376.5501691093577,26.61,daily close; provider=coingecko/yahoo/ccxt; base normalized
2024-11-18,3401.2739571589627,26.61,daily close; provider=coingecko/yahoo/ccxt; base normalized
2024-11-19,3471.480646373544,26.61,daily close; provider=coingecko/yahoo/ccxt; base normalized
2024-11-20,3546.2044344231495,26.61,daily close; provider=coingecko/yahoo/ccxt; base normalized
2024-11-21,3701.465614430665,26.61,daily close; provider=coingecko/yahoo/ccxt; base normalized
2024-11-22,3720.4058624577224,26.61,daily close; provider=coingecko/yahoo/ccxt; base normalized
2024-11-23,3673.7730176625328,26.61,daily close; provider=coingecko/yahoo/ccxt; base normalized
2024-11-24,3682.6042841037206,26.61,daily close; provider=coingecko/yahoo/ccxt; base normalized
2024-11-25,3494.9267192784664,26.61,daily close; provider=coingecko/yahoo/ccxt; base normalized
2024-11-26,3454.1337842916196,26.61,daily close; provider=coingecko/yahoo/ccxt; base normalized
2024-11-27,3605.896279594137,26.61,daily close; provider=coingecko/yahoo/ccxt; base normalized
2024-11-28,3594.0548665915067,26.61,daily close; provider=coingecko/yahoo/ccxt; base normalized
2024-11-29,3663.235625704622,26.61,daily close; provider=coingecko/yahoo/ccxt; base normalized
2024-11-30,3624.8102217211576,26.61,daily close; provider=coingecko/yahoo/ccxt; base normalized
2024-12-01,3654.4381811349117,26.61,daily close; provider=coingecko/yahoo/ccxt; base normalized
2024-12-02,3602.1533258173617,26.61,daily close; provider=coingecko/yahoo/ccxt; base normalized
2024-12-03,3604.56595264938,26.61,daily close; provider=coingecko/yahoo/ccxt; base normalized
2024-12-04,3711.2777151446826,26.61,daily close; provider=coingecko/yahoo/ccxt; base normalized
2024-12-05,3648.5268695978957,26.61,daily close; provider=coingecko/yahoo/ccxt; base normalized
2024-12-06,3753.2093198045845,26.61,daily close; provider=coingecko/yahoo/ccxt; base normalized
2024-12-07,3754.223975948891,26.61,daily close; provider=coingecko/yahoo/ccxt; base normalized
2024-12-08,3801.95415257422,26.61,daily close; provider=coingecko/yahoo/ccxt; base normalized
2024-12-09,3660.2743329575346,26.61,daily close; provider=coingecko/yahoo/ccxt; base normalized
2024-12-10,3632.28485531755,26.61,daily close; provider=coingecko/yahoo/ccxt; base normalized
2024-12-11,3802.2172115745957,26.61,daily close; provider=coingecko/yahoo/ccxt; base normalized
2024-12-12,3759.8684704998122,26.61,daily close; provider=coingecko/yahoo/ccxt; base normalized
2024-12-13,3813.720405862458,26.61,daily close; provider=coingecko/yahoo/ccxt; base normalized
2024-12-14,3810.601277715145,26.61,daily close; provider=coingecko/yahoo/ccxt; base normalized
2024-12-15,3921.653513716648,26.61,daily close; provider=coingecko/yahoo/ccxt; base normalized
2024-12-16,3985.990229237129,26.61,daily close; provider=coingecko/yahoo/ccxt; base normalized
2024-12-17,3989.173243141676,26.61,daily close; provider=coingecko/yahoo/ccxt; base normalized
2024-12-18,3764.2277339346115,26.61,daily close; provider=coingecko/yahoo/ccxt; base normalized
2024-12-19,3661.4580984592258,26.61,daily close; provider=coingecko/yahoo/ccxt; base normalized
2024-12-20,3674.626080420894,26.61,daily close; provider=coingecko/yahoo/ccxt; base normalized
2024-12-21,3653.9872228485533,26.61,daily close; provider=coingecko/yahoo/ccxt; base normalized
2024-12-22,3573.9158211198796,26.61,daily close; provider=coingecko/yahoo/ccxt; base normalized
2024-12-23,3558.789928598271,26.61,daily close; provider=coingecko/yahoo/ccxt; base normalized
2024-12-24,3707.1476888387824,26.61,daily close; provider=coingecko/yahoo/ccxt; base normalized
2024-12-25,3732.085682074408,26.61,daily close; provider=coingecko/yahoo/ccxt; base normalized
2024-12-26,3594.325441563322,26.61,daily close; provider=coingecko/yahoo/ccxt; base normalized
2024-12-27,3538.1022172115745,26.61,daily close; provider=coingecko/yahoo/ccxt; base normalized
2024-12-28,3577.7564825253667,26.61,daily close; provider=coingecko/yahoo/ccxt; base normalized
2024-12-29,3515.6332205937615,26.61,daily close; provider=coingecko/yahoo/ccxt; base normalized
2024-12-30,3480.3194287861706,26.61,daily close; provider=coingecko/yahoo/ccxt; base normalized
2024-12-31,3508.865088312664,26.61,daily close; provider=coingecko/yahoo/ccxt; base normalized
2025-01-01,3546.816986095453,26.61,daily close; provider=coingecko/yahoo/ccxt; base normalized
2025-01-02,3637.9255918827507,26.61,daily close; provider=coingecko/yahoo/ccxt; base normalized
2025-01-03,3687.001127395716,26.61,daily close; provider=coingecko/yahoo/ccxt; base normalized
2025-01-04,3690.6764374295376,26.61,daily close; provider=coingecko/yahoo/ccxt; base normalized
2025-01-05,3694.3329575347616,26.61,daily close; provider=coingecko/yahoo/ccxt; base normalized
2025-01-06,3841.4881623449833,26.61,daily close; provider=coingecko/yahoo/ccxt; base normalized
2025-01-07,3642.6982337467116,26.61,daily close; provider=coingecko/yahoo/ccxt; base normalized
2025-01-08,3572.356257046223,26.61,daily close; provider=coingecko/yahoo/ccxt; base normalized
2025-01-09,3477.3280721533256,26.61,daily close; provider=coingecko/yahoo/ccxt; base normalized
2025-01-10,3558.767380683954,26.61,daily close; provider=coingecko/yahoo/ccxt; base normalized
2025-01-11,3553.630214205186,26.61,daily close; provider=coingecko/yahoo/ccxt; base normalized
2025-01-12,3549.4137542277335,26.61,daily close; provider=coingecko/yahoo/ccxt; base normalized
2025-01-13,3550.811724915445,26.61,daily close; provider=coingecko/yahoo/ccxt; base normalized
2025-01-14,3628.714768883878,26.61,daily close; provider=coingecko/yahoo/ccxt; base normalized
2025-01-15,3776.640360766629,26.61,daily close; provider=coingecko/yahoo/ccxt; base normalized
2025-01-16,3757.110108981586,26.61,daily close; provider=coingecko/yahoo/ccxt; base normalized
2025-01-17,3911.6798196166856,26.61,daily close; provider=coingecko/yahoo/ccxt; base normalized
2025-01-18,3922.660653889515,26.61,daily close; provider=coingecko/yahoo/ccxt; base normalized
2025-01-19,3802.7470875610675,26.61,daily close; provider=coingecko/yahoo/ccxt; base normalized
2025-01-20,3839.263434798948,26.61,daily close; provider=coingecko/yahoo/ccxt; base normalized
2025-01-21,3989.5828635851185,26.61,daily close; provider=coingecko/yahoo/ccxt; base normalized
2025-01-22,3895.095828635851,26.61,daily close; provider=coingecko/yahoo/ccxt; base normalized
2025-01-23,3905.3062758361516,26.61,daily close; provider=coingecko/yahoo/ccxt; base normalized
2025-01-24,3939.88726042841,26.61,daily close; provider=coingecko/yahoo/ccxt; base normalized
2025-01-25,3934.806463735438,26.61,daily close; provider=coingecko/yahoo/ccxt; base normalized
2025-01-26,3855.5618188650883,26.61,daily close; provider=coingecko/yahoo/ccxt; base normalized
2025-01-27,3838.15482901165,26.61,daily close; provider=coingecko/yahoo/ccxt; base normalized
2025-01-28,3806.8320180383316,26.61,daily close; provider=coingecko/yahoo/ccxt; base normalized
2025-01-29,3897.3318301390455,26.61,daily close; provider=coingecko/yahoo/ccxt; base normalized
2025-01-30,3936.493799323563,26.61,daily close; provider=coingecko/yahoo/ccxt; base normalized
2025-01-31,3848.4028560691468,26.61,daily close; provider=coingecko/yahoo/ccxt; base normalized
2025-02-01,3781.443066516347,26.61,daily close; provider=coingecko/yahoo/ccxt; base normalized
2025-02-02,3671.405486659151,26.61,daily close; provider=coingecko/yahoo/ccxt; base normalized
2025-02-03,3811.5407741450585,26.61,daily close; provider=coingecko/yahoo/ccxt; base normalized
2025-02-04,3677.8842540398346,26.61,daily close; provider=coingecko/yahoo/ccxt; base normalized
2025-02-05,3631.1086057872985,26.61,daily close; provider=coingecko/yahoo/ccxt; base normalized
2025-02-06,3628.6809470124012,26.61,daily close; provider=coingecko/yahoo/ccxt; base normalized
2025-02-07,3628.241262683202,26.61,daily close; provider=coingecko/yahoo/ccxt; base normalized
2025-02-08,3626.324689966178,26.61,daily close; provider=coingecko/yahoo/ccxt; base normalized
2025-02-09,3625.4415633220597,26.61,daily close; provider=coingecko/yahoo/ccxt; base normalized
2025-02-10,3661.826381059752,26.61,daily close; provider=coingecko/yahoo/ccxt; base normalized
2025-02-11,3598.91394212702,26.61,daily close; provider=coingecko/yahoo/ccxt; base normalized
2025-02-12,3678.0909432544154,26.61,daily close; provider=coingecko/yahoo/ccxt; base normalized
2025-02-13,3631.2664411875235,26.61,daily close; provider=coingecko/yahoo/ccxt; base normalized
2025-02-14,3662.683201803833,26.61,daily close; provider=coingecko/yahoo/ccxt; base normalized
2025-02-15,3667.350620067644,26.61,daily close; provider=coingecko/yahoo/ccxt; base normalized
2025-02-16,3613.0815482901166,26.61,daily close; provider=coingecko/yahoo/ccxt; base normalized
2025-02-17,3599.1281473130402,26.61,daily close; provider=coingecko/yahoo/ccxt; base normalized
2025-02-18,3592.6343479894776,26.61,daily close; provider=coingecko/yahoo/ccxt; base normalized
2025-02-19,3631.1800075159713,26.61,daily close; provider=coingecko/yahoo/ccxt; base normalized
2025-02-20,3695.5693348365276,26.61,daily close; provider=coingecko/yahoo/ccxt; base normalized
2025-02-21,3611.405486659151,26.61,daily close; provider=coingecko/yahoo/ccxt; base normalized
2025-02-22,3630.2179631717404,26.61,daily close; provider=coingecko/yahoo/ccxt; base normalized
2025-02-23,3619.0680195415257,26.61,daily close; provider=coingecko/yahoo/ccxt; base normalized
2025-02-24,3439.849680571214,26.61,daily close; provider=coingecko/yahoo/ccxt; base normalized
2025-02-25,3330.8004509582865,26.61,daily close; provider=coingecko/yahoo/ccxt; base normalized
2025-02-26,3160.082675685833,26.61,daily close; provider=coingecko/yahoo/ccxt; base normalized
2025-02-27,3182.6907177752723,26.61,daily close; provider=coingecko/yahoo/ccxt; base normalized
2025-02-28,3168.3276963547537,26.61,daily close; provider=coingecko/yahoo/ccxt; base normalized
2025-03-01,3232.6493799323566,26.61,daily close; provider=coingecko/yahoo/ccxt; base normalized
2025-03-02,3543.2168357760243,26.61,daily close; provider=coingecko/yahoo/ccxt; base normalized
2025-03-03,3237.305524239008,26.61,daily close; provider=coingecko/yahoo/ccxt; base normalized
2025-03-04,3278.8425403983465,26.61,daily close; provider=coingecko/yahoo/ccxt; base normalized
2025-03-05,3405.125892521608,26.61,daily close; provider=coingecko/yahoo/ccxt; base normalized
2025-03-06,3379.0605035700864,26.61,daily close; provider=coingecko/yahoo/ccxt; base normalized
2025-03-07,3260.514844043593,26.61,daily close; provider=coingecko/yahoo/ccxt; base normalized
2025-03-08,3238.0345734686207,26.61,daily close; provider=coingecko/yahoo/ccxt; base normalized
2025-03-09,3032.093198045847,26.61,daily close; provider=coingecko/yahoo/ccxt; base normalized
2025-03-10,2952.2284855317553,26.61,daily close; provider=coingecko/yahoo/ccxt; base normalized
2025-03-11,3115.3701615933855,26.61,daily close; provider=coingecko/yahoo/ccxt; base normalized
2025-03-12,3144.434423149192,26.61,daily close; provider=coingecko/yahoo/ccxt; base normalized
2025-03-13,3048.1886508831267,26.61,daily close; provider=coingecko/yahoo/ccxt; base normalized
2025-03-14,3156.6178128523115,26.61,daily close; provider=coingecko/yahoo/ccxt; base normalized
2025-03-15,3169.218338970312,26.61,daily close; provider=coingecko/yahoo/ccxt; base normalized
2025-03-16,3104.0924464487034,26.61,daily close; provider=coingecko/yahoo/ccxt; base normalized
2025-03-17,3157.2792183389706,26.61,daily close; provider=coingecko/yahoo/ccxt; base normalized
2025-03-18,3108.0571213829385,26.61,daily close; provider=coingecko/yahoo/ccxt; base normalized
2025-03-19,3264.9192033070276,26.61,daily close; provider=coingecko/yahoo/ccxt; base normalized
2025-03-20,3163.4197670048857,26.61,daily close; provider=coingecko/yahoo/ccxt; base normalized
2025-03-21,3157.9969936114244,26.61,daily close; provider=coingecko/yahoo/ccxt; base normalized
2025-03-22,3149.192033070274,26.61,daily close; provider=coingecko/yahoo/ccxt; base normalized
2025-03-23,3234.742577978204,26.61,daily close; provider=coingecko/yahoo/ccxt; base normalized
2025-03-24,3288.436677940624,26.61,daily close; provider=coingecko/yahoo/ccxt; base normalized
2025-03-25,3286.662908680947,26.61,daily close; provider=coingecko/yahoo/ccxt; base normalized
2025-03-26,3265.65201052236,26.61,daily close; provider=coingecko/yahoo/ccxt; base normalized
2025-03-27,3277.335588124765,26.61,daily close; provider=coingecko/yahoo/ccxt; base normalized
2025-03-28,3170.75911311537,26.61,daily close; provider=coingecko/yahoo/ccxt; base normalized
2025-03-29,3104.6148064637355,26.61,daily close; provider=coingecko/yahoo/ccxt; base normalized
2025-03-30,3093.776775648252,26.61,daily close; provider=coingecko/yahoo/ccxt; base normalized
2025-03-31,3101.2025554302895,26.61,daily close; provider=coingecko/yahoo/ccxt; base normalized
2025-04-01,3201.8451709883507,26.61,daily close; provider=coingecko/yahoo/ccxt; base normalized
2025-04-02,3100.642615558061,26.61,daily close; provider=coingecko/yahoo/ccxt; base normalized
2025-04-03,3124.1225103344605,26.61,daily close; provider=coingecko/yahoo/ccxt; base normalized
2025-04-04,3150.7252912438935,26.61,daily close; provider=coingecko/yahoo/ccxt; base normalized
2025-04-05,3138.2525366403606,26.61,daily close; provider=coingecko/yahoo/ccxt; base normalized
2025-04-06,2944.8853814355502,26.61,daily close; provider=coingecko/yahoo/ccxt; base normalized
2025-04-07,2973.69785794814,26.61,daily close; provider=coingecko/yahoo/ccxt; base normalized
2025-04-08,2866.4599774520857,26.61,daily close; provider=coingecko/yahoo/ccxt; base normalized
2025-04-09,3102.4539646749345,26.61,daily close; provider=coingecko/yahoo/ccxt; base normalized
2025-04-10,2989.5565576850813,26.61,daily close; provider=coingecko/yahoo/ccxt; base normalized
2025-04-11,3134.915445321308,26.61,daily close; provider=coingecko/yahoo/ccxt; base normalized
2025-04-12,3204.9642991356636,26.61,daily close; provider=coingecko/yahoo/ccxt; base normalized
2025-04-13,3146.1480646373543,26.61,daily close; provider=coingecko/yahoo/ccxt; base normalized
2025-04-14,3176.651634723788,26.61,daily close; provider=coingecko/yahoo/ccxt; base normalized
2025-04-15,3142.9349868470504,26.61,daily close; provider=coingecko/yahoo/ccxt; base normalized
2025-04-16,3157.6024051108607,26.61,daily close; provider=coingecko/yahoo/ccxt; base normalized
2025-04-17,3190.9094325441565,26.61,daily close; provider=coingecko/yahoo/ccxt; base normalized
2025-04-18,3174.4644870349493,26.61,daily close; provider=coingecko/yahoo/ccxt; base normalized
2025-04-19,3198.8462983840664,26.61,daily close; provider=coingecko/yahoo/ccxt; base normalized
2025-04-20,3199.928598271327,26.61,daily close; provider=coingecko/yahoo/ccxt; base normalized
2025-04-21,3288.2600526118003,26.61,daily close; provider=coingecko/yahoo/ccxt; base normalized
2025-04-22,3512.6644118752347,26.61,daily close; provider=coingecko/yahoo/ccxt; base normalized
2025-04-23,3520.368282600526,26.61,daily close; provider=coingecko/yahoo/ccxt; base normalized
2025-04-24,3532.50281848929,26.61,daily close; provider=coingecko/yahoo/ccxt; base normalized
2025-04-25,3559.4550920706506,26.61,daily close; provider=coingecko/yahoo/ccxt; base normalized
2025-04-26,3557.4408117249154,26.61,daily close; provider=coingecko/yahoo/ccxt; base normalized
2025-04-27,3525.629462608042,26.61,daily close; provider=coingecko/yahoo/ccxt; base normalized
2025-04-28,3570.0150319428785,26.61,daily close; provider=coingecko/yahoo/ccxt; base normalized
2025-04-29,3542.6381059751975,26.61,daily close; provider=coingecko/yahoo/ccxt; base normalized
2025-04-30,3540.2254791431787,26.61,daily close; provider=coingecko/yahoo/ccxt; base normalized
2025-05-01,3625.32506576475,26.61,daily close; provider=coingecko/yahoo/ccxt; base normalized
2025-05-02,3642.2660653889516,26.61,daily close; provider=coingecko/yahoo/ccxt; base normalized
2025-05-03,3602.777151446824,26.61,daily close; provider=coingecko/yahoo/ccxt; base normalized
2025-05-04,3543.8970311912817,26.61,daily close; provider=coingecko/yahoo/ccxt; base normalized
2025-05-05,3559.827132656896,26.61,daily close; provider=coingecko/yahoo/ccxt; base normalized
2025-05-06,3638.357760240511,26.61,daily close; provider=coingecko/yahoo/ccxt; base normalized
2025-05-07,3646.426155580609,26.61,daily close; provider=coingecko/yahoo/ccxt; base normalized
2025-05-08,3879.2934986847054,26.61,daily close; provider=coingecko/yahoo/ccxt; base normalized
2025-05-09,3869.857196542653,26.61,daily close; provider=coingecko/yahoo/ccxt; base normalized
2025-05-10,3938.3690341976703,26.61,daily close; provider=coingecko/yahoo/ccxt; base normalized
2025-05-11,3912.7771514468245,26.61,daily close; provider=coingecko/yahoo/ccxt; base normalized
2025-05-12,3864.1488162344986,26.61,daily close; provider=coingecko/yahoo/ccxt; base normalized
2025-05-13,3914.193912063134,26.61,daily close; provider=coingecko/yahoo/ccxt; base normalized
2025-05-14,3892.8861330326945,26.61,daily close; provider=coingecko/yahoo/ccxt; base normalized
2025-05-15,3899.3498684705,26.61,daily close; provider=coingecko/yahoo/ccxt; base normalized
2025-05-16,3889.5189778278846,26.61,daily close; provider=coingecko/yahoo/ccxt; base normalized
2025-05-17,3877.0800450958286,26.61,daily close; provider=coingecko/yahoo/ccxt; base normalized
2025-05-18,4003.2168357760247,26.61,daily close; provider=coingecko/yahoo/ccxt; base normalized
2025-05-19,3969.8496805712134,26.61,daily close; provider=coingecko/yahoo/ccxt; base normalized
2025-05-20,4015.6181886508834,26.61,daily close; provider=coingecko/yahoo/ccxt; base normalized
2025-05-21,4121.574596016536,26.61,daily close; provider=coingecko/yahoo/ccxt; base normalized
2025-05-22,4198.087185268697,26.61,daily close; provider=coingecko/yahoo/ccxt; base normalized
2025-05-23,4033.577602405111,26.61,daily close; provider=coingecko/yahoo/ccxt; base normalized
2025-05-24,4052.0180383314537,26.61,daily close; provider=coingecko/yahoo/ccxt; base normalized
2025-05-25,4097.722660653889,26.61,daily close; provider=coingecko/yahoo/ccxt; base normalized
2025-05-26,4113.814355505449,26.61,daily close; provider=coingecko/yahoo/ccxt; base normalized
2025-05-27,4096.388575723412,26.61,daily close; provider=coingecko/yahoo/ccxt; base normalized
2025-05-28,4051.5482901164974,26.61,daily close; provider=coingecko/yahoo/ccxt; base normalized
2025-05-29,3969.6505073280723,26.61,daily close; provider=coingecko/yahoo/ccxt; base normalized
2025-05-30,3909.045471627208,26.61,daily close; provider=coingecko/yahoo/ccxt; base normalized
2025-05-31,3933.183013904547,26.61,daily close; provider=coingecko/yahoo/ccxt; base normalized
2025-06-01,3972.6568959037954,26.61,daily close; provider=coingecko/yahoo/ccxt; base normalized
2025-06-02,3980.469748214957,26.61,daily close; provider=coingecko/yahoo/ccxt; base normalized
2025-06-03,3962.6456219466368,26.61,daily close; provider=coingecko/yahoo/ccxt; base normalized
2025-06-04,3936.3171739947384,26.61,daily close; provider=coingecko/yahoo/ccxt; base normalized
2025-06-05,3817.350620067644,26.61,daily close; provider=coingecko/yahoo/ccxt; base normalized
2025-06-06,3922.435174746336,26.61,daily close; provider=coingecko/yahoo/ccxt; base normalized
2025-06-07,3970.4810221721154,26.61,daily close; provider=coingecko/yahoo/ccxt; base normalized
2025-06-08,3974.227733934611,26.61,daily close; provider=coingecko/yahoo/ccxt; base normalized
2025-06-09,4144.306651634724,26.61,daily close; provider=coingecko/yahoo/ccxt; base normalized
2025-06-10,4144.066140548666,26.61,daily close; provider=coingecko/yahoo/ccxt; base normalized
2025-06-11,4085.00563697858,26.61,daily close; provider=coingecko/yahoo/ccxt; base normalized
2025-06-12,3974.449455092071,26.61,daily close; provider=coingecko/yahoo/ccxt; base normalized
2025-06-13,3988.060879368659,26.61,daily close; provider=coingecko/yahoo/ccxt; base normalized
2025-06-14,3963.9007891770007,26.61,daily close; provider=coingecko/yahoo/ccxt; base normalized
2025-06-15,3967.733934611048,26.61,daily close; provider=coingecko/yahoo/ccxt; base normalized
2025-06-16,4013.5325065764755,26.61,daily close; provider=coingecko/yahoo/ccxt; base normalized
2025-06-17,3931.694851559564,26.61,daily close; provider=coingecko/yahoo/ccxt; base normalized
2025-06-18,3941.826381059752,26.61,daily close; provider=coingecko/yahoo/ccxt; base normalized
2025-06-19,3933.6790680195413,26.61,daily close; provider=coingecko/yahoo/ccxt; base normalized
2025-06-20,3881.6986095452835,26.61,daily close; provider=coingecko/yahoo/ccxt; base normalized
2025-06-21,3838.5569334836528,26.61,daily close; provider=coingecko/yahoo/ccxt; base normalized
2025-06-22,3795.1108605787294,26.61,daily close; provider=coingecko/yahoo/ccxt; base normalized
2025-06-23,3960.2405110860577,26.61,daily close; provider=coingecko/yahoo/ccxt; base normalized
2025-06-24,3987.2228485531755,26.61,daily close; provider=coingecko/yahoo/ccxt; base normalized
2025-06-25,4034.5734686208193,26.61,daily close; provider=coingecko/yahoo/ccxt; base normalized
2025-06-26,4018.977827884254,26.61,daily close; provider=coingecko/yahoo/ccxt; base normalized
2025-06-27,4025.381435550544,26.61,daily close; provider=coingecko/yahoo/ccxt; base normalized
2025-06-28,4033.2619316046607,26.61,daily close; provider=coingecko/yahoo/ccxt; base normalized
2025-06-29,4073.175497933108,26.61,daily close; provider=coingecko/yahoo/ccxt; base normalized
2025-06-30,4025.565576850808,26.61,daily close; provider=coingecko/yahoo/ccxt; base normalized
2025-07-01,3972.1946636602784,26.61,daily close; provider=coingecko/yahoo/ccxt; base normalized
2025-07-02,4090.4509582863584,26.61,daily close; provider=coingecko/yahoo/ccxt; base normalized
2025-07-03,4119.917324314168,26.61,daily close; provider=coingecko/yahoo/ccxt; base normalized
2025-07-04,4059.334836527621,26.61,daily close; provider=coingecko/yahoo/ccxt; base normalized
2025-07-05,4068.0007515971442,26.61,daily close; provider=coingecko/yahoo/ccxt; base normalized
2025-07-06,4104.592258549417,26.61,daily close; provider=coingecko/yahoo/ccxt; base normalized
2025-07-07,4069.2258549417515,26.61,daily close; provider=coingecko/yahoo/ccxt; base normalized
2025-07-08,4093.645246148064,26.61,daily close; provider=coingecko/yahoo/ccxt; base normalized
2025-07-09,4183.528748590756,26.61,daily close; provider=coingecko/yahoo/ccxt; base normalized
2025-07-10,4358.895152198422,26.61,daily close; provider=coingecko/yahoo/ccxt; base normalized
2025-07-11,4416.858323938369,26.61,daily close; provider=coingecko/yahoo/ccxt; base normalized
2025-07-12,4414.167606163097,26.61,daily close; provider=coingecko/yahoo/ccxt; base normalized
2025-07-13,4475.839909808343,26.61,daily close; provider=coingecko/yahoo/ccxt; base normalized
2025-07-14,4504.13378429162,26.61,daily close; provider=coingecko/yahoo/ccxt; base normalized
2025-07-15,4424.689966178128,26.61,daily close; provider=coingecko/yahoo/ccxt; base normalized
2025-07-16,4461.202555430289,26.61,daily close; provider=coingecko/yahoo/ccxt; base normalized
2025-07-17,4484.066140548665,26.61,daily close; provider=coingecko/yahoo/ccxt; base normalized
2025-07-18,4434.870349492671,26.61,daily close; provider=coingecko/yahoo/ccxt; base normalized
2025-07-19,4431.007140172867,26.61,daily close; provider=coingecko/yahoo/ccxt; base normalized
2025-07-20,4408.835024426908,26.61,daily close; provider=coingecko/yahoo/ccxt; base normalized
2025-07-21,4414.167606163097,26.61,daily close; provider=coingecko/yahoo/ccxt; base normalized
2025-07-22,4508.737316798197,26.61,daily close; provider=coingecko/yahoo/ccxt; base normalized
2025-07-23,4462.05561818865,26.61,daily close; provider=coingecko/yahoo/ccxt; base normalized
2025-07-24,4448.962795941375,26.61,daily close; provider=coingecko/yahoo/ccxt; base normalized
2025-07-25,4420.447200300639,26.61,daily close; provider=coingecko/yahoo/ccxt; base normalized
2025-07-26,4432.07440811725,26.61,daily close; provider=coingecko/yahoo/ccxt; base normalized
2025-07-27,4489.101841413003,26.61,daily close; provider=coingecko/yahoo/ccxt; base normalized
2025-07-28,4433.6602780909425,26.61,daily close; provider=coingecko/yahoo/ccxt; base normalized
2025-07-29,4431.529500187899,26.61,daily close; provider=coingecko/yahoo/ccxt; base normalized
2025-07-30,4427.685080796693,26.61,daily close; provider=coingecko/yahoo/ccxt; base normalized
2025-07-31,4350.33070274333,26.61,daily close; provider=coingecko/yahoo/ccxt; base normalized
2025-08-01,4257.429537767756,26.61,daily close; provider=coingecko/yahoo/ccxt; base normalized
2025-08-02,4228.680947012402,26.61,daily close; provider=coingecko/yahoo/ccxt; base normalized
2025-08-03,4292.525366403608,26.61,daily close; provider=coingecko/yahoo/ccxt; base normalized
2025-08-04,4325.144682450207,26.61,daily close; provider=coingecko/yahoo/ccxt; base normalized
2025-08-05,4288.425403983465,26.61,daily close; provider=coingecko/yahoo/ccxt; base normalized
2025-08-06,4322.05937617437,26.61,daily close; provider=coingecko/yahoo/ccxt; base normalized
2025-08-07,4415.561818865089,26.61,daily close; provider=coingecko/yahoo/ccxt; base normalized
2025-08-08,4384.667418263811,26.61,daily close; provider=coingecko/yahoo/ccxt; base normalized
2025-08-09,4376.828260052611,26.61,daily close; provider=coingecko/yahoo/ccxt; base normalized
2025-08-10,4482.841037204058,26.61,daily close; provider=coingecko/yahoo/ccxt; base normalized
2025-08-11,4461.649755730928,26.61,daily close; provider=coingecko/yahoo/ccxt; base normalized
2025-08-12,4516.046599022924,26.61,daily close; provider=coingecko/yahoo/ccxt; base normalized
2025-08-13,4635.636978579481,26.61,daily close; provider=coingecko/yahoo/ccxt; base normalized
2025-08-14,4448.819992484028,26.61,daily close; provider=coingecko/yahoo/ccxt; base normalized
2025-08-15,4412.878617061255,26.61,daily close; provider=coingecko/yahoo/ccxt; base normalized
2025-08-16,4415.163472378805,26.61,daily close; provider=coingecko/yahoo/ccxt; base normalized
2025-08-17,4413.427282976325,26.61,daily close; provider=coingecko/yahoo/ccxt; base normalized
2025-08-18,4369.034197670048,26.61,daily close; provider=coingecko/yahoo/ccxt; base normalized
2025-08-19,4240.146561443066,26.61,daily close; provider=coingecko/yahoo/ccxt; base normalized
2025-08-20,4293.975948891394,26.61,daily close; provider=coingecko/yahoo/ccxt; base normalized
2025-08-21,4226.324689966178,26.61,daily close; provider=coingecko/yahoo/ccxt; base normalized
2025-08-22,4390.0,26.61,daily close; provider=coingecko/yahoo/ccxt; base normalized
2025-08-23,4334.614806463736,26.61,daily close; provider=coingecko/yahoo/ccxt; base normalized
2025-08-24,4263.664036076663,26.61,daily close; provider=coingecko/yahoo/ccxt; base normalized
2025-08-25,4139.229612927471,26.61,daily close; provider=coingecko/yahoo/ccxt; base normalized
2025-08-26,4202.529124389327,26.61,daily close; provider=coingecko/yahoo/ccxt; base normalized
2025-08-27,4181.458098459226,26.61,daily close; provider=coingecko/yahoo/ccxt; base normalized
2025-08-28,4230.127771514468,26.61,daily close; provider=coingecko/yahoo/ccxt; base normalized
2025-08-29,4073.6602780909434,26.61,daily close; provider=coingecko/yahoo/ccxt; base normalized
2025-08-30,4086.8094701240134,26.61,daily close; provider=coingecko/yahoo/ccxt; base normalized
2025-08-31,4068.019541525742,26.61,daily close; provider=coingecko/yahoo/ccxt; base normalized
2025-09-01,4106.106726794438,26.61,daily close; provider=coingecko/yahoo/ccxt; base normalized
2025-09-02,4178.763622698233,26.61,daily close; provider=coingecko/yahoo/ccxt; base normalized
2025-09-03,4200.341976700488,26.61,daily close; provider=coingecko/yahoo/ccxt; base normalized
2025-09-04,4197.072529124389,26.61,daily close; provider=coingecko/yahoo/ccxt; base normalized
